{
  "flower": 359.07171630859375,
  "cat": 343.6426696777344,
  "ice_cream": 351.4571533203125,
  "apple": 398.939697265625,
  "strawberry": 350.3592529296875,
  "clock": 349.2472229003906,
  "torch": 343.42901611328125,
  "joker": 361.4012756347656,
  "ghost": 345.28564453125,
  "frog": 352.5102233886719
}